<?xml version="1.0" encoding="UTF-8"?>
<!DOCTYPE mapper PUBLIC "-//mybatis.org//DTD Mapper 3.0//EN"
"http://mybatis.org/dtd/mybatis-3-mapper.dtd">
<mapper namespace="org.cqipc.books.dao.Tb_Books_TypeDao">
	<insert id="addBookType">
		INSERT INTO tb_books_type VALUES(null, #{type}, #{type_max_num})
	</insert>
	<update id="modifyBookType">
		UPDATE tb_books_type SET type = #{type}, type_max_num = #{type_max_num} WHERE id = #{id}
	</update>
	<select id="findBookTypeById" resultType="Tb_Books_Type">
		SELECT * FROM tb_books_type WHERE id = #{id}
	</select>
	<select id="findAllBookType" resultType="Tb_Books_Type">
		SELECT * FROM tb_books_type
	</select>
	<select id="findBookTypePageCount" resultType="int">
		SELECT COUNT(*) FROM tb_books_type
	</select>
	<select id="findBookTypePage" resultType="Tb_Books_Type">
		SELECT * FROM tb_books_type LIMIT #{pageCount}, #{pageSize}
	</select>
</mapper>
