<?xml version="1.0" encoding="UTF-8"?>
<!DOCTYPE mapper PUBLIC "-//mybatis.org//DTD Mapper 3.0//EN"
"http://mybatis.org/dtd/mybatis-3-mapper.dtd">
<mapper namespace="org.cqipc.books.dao.Tb_BooksDao">
    <insert id="addBooks">
        INSERT INTO tb_books
        VALUES (null, #{ISBN}, #{book_name}, #{book_price}, #{book_author}, #{published_house}, #{bookCategory.id})
    </insert>
    <update id="modifyBooks">
        UPDATE tb_books
        SET ISBN = #{ISBN}, book_name = #{book_name}, book_price = #{book_price},
            book_author = #{book_author}, published_house = #{published_house}, book_category = #{bookCategory.id}
        WHERE id = #{id}
    </update>
    <delete id="removeBooks">
        DELETE FROM tb_books WHERE id = #{id}
    </delete>
    <select id="findBooksById" resultType="Tb_Books">
        SELECT b.*, tb.id AS bookCategory_id, tb.type AS bookCategory_type, tb.type_max_num AS bookCategory_type_max_num
        FROM tb_books b
        JOIN tb_books_type tb ON tb.id = b.book_category
        WHERE b.id = #{id}
    </select>
    <select id="findAlIBooksPage" resultType="Tb_Books">
        SELECT b.*, tb.id AS bookCategory_id, tb.type AS bookCategory_type, tb.type_max_num AS bookCategory_type_max_num
        FROM tb_books b
        JOIN tb_books_type tb ON tb.id = b.book_category
        LIMIT #{pageCount}, #{pageSize}
    </select>
    <select id="selectBooksCount" resultType="int">
        SELECT COUNT(*) FROM tb_books
    </select>
    <select id="selectBooksAll" resultType="Tb_Books">
        SELECT b.*, tb.id AS bookCategory_id, tb.type AS bookCategory_type, tb.type_max_num AS bookCategory_type_max_num
        FROM tb_books b
        JOIN tb_books_type tb ON tb.id = b.book_category
    </select>
</mapper>
