<?xml version="1.0" encoding="UTF-8"?>
<!DOCTYPE mapper PUBLIC "-//mybatis.org//DTD Mapper 3.0//EN" "http://mybatis.org/dtd/mybatis-3-mapper.dtd">
<mapper namespace="org.cqipc.books.dao.Tb_User_BookDaos">
    <insert id="addUserBooks">
        insert into tb_user_book values(null,#{userId.id},#{bookId.id},#{begin_time},#{end_time},#{stat})
    </insert>
    <delete id="removeUserBooks">
        delete from tb_user_book where id=#{id}
    </delete>
    <update id="modifyStat">
        update tb_user_book set stat='O' where id=#{id}
    </update>
    <select id="findUserBookByUid" resultType="Tb_User_Book">
        select tub.*,tu.id as "userId.id",tu.user as "userId.user",tu.passwd as "userId.passwd",
        tb.id as "bookId.id",tb.ISBN as "bookId.ISBN",tb.book_name as "bookId.book_name",tb.book_price as "bookId.book_price",tb.book_author as "bookId.book_author",
        tb.published_house as "bookId.published_house",tbt.id as "bookCategory.id",
        tbt.type as "bookCategory.type",tbt.type_max_num as "bookCategory.type_max_num"
        from tb_user_book tub,tb_user tu,tb_books tb,Tb_Books_Type tbt
        where tub.user_id=tu.id and tub.book_id=tb.id and tbt.id=tb.book_category and tub.user_id=#{uid}
        limit #{pageCount},#{pageSize}
    </select>
    <select id="findUserBookByUidCount" resultType="int">
        select count(*) from tb_user_book where user_id=#{uid}
    </select>
    <select id="findUserBookByBid" resultType="Tb_User_Book">
        select tub.*,tu.id as "userId.id",tu.user as "userId.user",tu.passwd as "userId.passwd",
        tb.id as "bookId.id",tb.ISBN as "bookId.ISBN",tb.book_name as "bookId.book_name",
        tb.book_price as "bookId.book_price",tb.book_author as "bookId.book_author",tb.published_house as "bookId.published_house",tbt.id as "bookCategory.id",
        tbt.type as "bookCategory.type",tbt.type_max_num as "bookCategory.type_max_num"
        from tb_user_book tub,tb_user tu,tb_books tb,Tb_Books_Type tbt
        where tub.user_id=tu.id and tub.book_id=tb.id and tbt.id=tb.book_category and tub.book_id=#{bid}
        limit #{pageCount},#{pageSize}
    </select>
    <select id="findUserBookByBidCount" resultType="int">
        select count(*) from tb_user_book where book_id=#{bid}
    </select>
    <select id="findAIIUserBook" resultType="Tb_User_Book">
        select tub.*,tu.id as "userId.id",tu.user as "userId.user",tu.passwd as "userId.passwd",tb.id as "bookId.id",tb.ISBN as "bookId.ISBN",tb.book_name as "bookId.book_name",
        tb.book_price as "bookId.book_price",tb.book_author as "bookId.book_author",
        tb.published_house as "bookId.published_house",tbt.id as "bookCategory.id",
        tbt.type as "bookCategory.type",tbt.type_max_num as "bookCategory.type_max_num"
        from tb_user_book tub,tb_user tu,tb_books tb, Tb_Books_Type tbt
        where tub.user_id=tu.id and tub.book_id=tb.id and tbt.id=tb.book_category
        limit #{pageCount},#{pageSize}
    </select>
    <select id="findAlIUserBookCount" resultType="int">
        select count(*) from tb_user_book
    </select>
    <select id="findBookUseByBid" resultType="int">
        select count(*) from tb_user_book where book_id=#{bid} and stat='1'
    </select>
    <select id="searchUserBooksPage" resultType="Tb_User_Book">
        select tub.*,tu.id as "userId.id",tu.user as "userId.user",tu.passwd as "userId.passwd",
        tb.id as "bookId.id",tb.ISBN as "bookId.ISBN",tb.book_name as "bookId.book_name",
        tb.book_price as "bookId.book_price",tb.book_author as "bookId.book_author",
        tb.published_house as "bookId.published_house",tbt.id as "bookCategory.id",tbt.type as "bookCategory.type",tbt.type_max_num as "bookCategory.type_max_num"
        from tb_user_book tub,tb_user tu,tb_books tb,Tb_Books_Type tbt
        where tub.user_id=tu.id and tub.book_id=tb.id and tbt.id=tb.book_category
        <if test="uid!=-1">
            and tub.user_id=#{uid}
        </if>
        <if test="bid!=-1">
            and tub.book_id=#{bid}
        </if>
        <if test="btime!= '' and btime!=null and etime!='' and etime!=null">
            and tub.begin_time &gt; #{btime} and tub.begin_time &lt; #{etime}
        </if>
        <if test="stat!=-1">
            and tub.stat=#{stat}
        </if>
        <if test="endTime!= '' and endTime!=null">
            and tub.end_time &lt; #{endTime}
        </if>
        limit #{pageCount},#{pageSize}
    </select>
    <select id="searchUserBooksPageCount" resultType="int">
        select count(*) from tb_user_book
        <where>
            <if test="uid!=-1">
                and user_id=#{uid}
            </if>
            <if test="bid!=-1">
                and book_id=#{bid}
            </if>
            <if test="btime!= '' and btime!=null and etime!='' and etime!=null">
                and begin_time &gt; #{btime}and begin_time &lt; #{etime}
            </if>
            <if test="endTime!= '' and endTime!=null">
                and end_time &lt; #{endTime}
            </if>
            <if test="stat!=-1">
                and stat=#{stat}
            </if>
        </where>
    </select>
    <select id="findLendBookFlag" resultType="int">
        select count(*) from tb_user_book where book_id=#{bid} and stat='1'
    </select>
</mapper>
