<?xml version="1.0" encoding="UTF-8"?>
<!DOCTYPE mapper PUBLIC "-//mybatis.org//DTD Mapper 3.0//EN"
"http://mybatis.org/dtd/mybatis-3-mapper.dtd">
<mapper namespace="org.cqipc.books.dao.Tb_UserDao">
    <select id="userLogin" resultType="Tb_User">
        SELECT * FROM tb_user WHERE user = #{user} AND passwd = #{passwd}
    </select>
    <insert id="addUsers">
        INSERT INTO tb_user VALUES (null, #{user}, #{passwd})
    </insert>
    <update id="modifyPassword">
        UPDATE tb_user SET passwd = #{passwd} WHERE id = #{id}
    </update>
    <update id="modifyPasswordByRoot">
        UPDATE tb_user SET passwd = #{passwd} WHERE user = #{username}
    </update>
    <select id="selectUserAll" resultType="Tb_User">
        SELECT * FROM tb_user
    </select>
    <delete id="removeUser">
        DELETE FROM tb_user WHERE id = #{id}
    </delete>
    <select id="findUserNames" resultType="int">
        SELECT COUNT(*) FROM tb_user WHERE user = #{username}
    </select>
</mapper>
