<?xml version="1.0" encoding="UTF-8"?>
<!DOCTYPE configuration PUBLIC "-//mybatis.org//DTD Config 3.0//EN" 
"http://mybatis.org/dtd/mybatis-3-config.dtd"> 
<configuration> 
	<typeAliases>
		<package name="org.cqipc.books.bean" />
	</typeAliases>
	<environments default="development"> 
		<environment id="development"> 
			<transactionManager type="JDBC"/> 
			<dataSource type="POOLED"> 
				<property name="driver" value="com.mysql.jdbc.Driver"/> 
				<property name="url" value="jdbc:mysql://localhost:3306/books"/> 
				<property name="username" value="root"/> 
				<property name="password" value="123456"/> 
			</dataSource> 
		</environment> 
	</environments> 
<mappers> 
  <mapper resource="org/cqipc/books/mapper/TbUser_Mapper.xml"/> 
  <mapper resource="org/cqipc/books/mapper/TbBooks_Mapper.xml"/> 
  <mapper resource="org/cqipc/books/mapper/TbBooksType_Mapper.xml"/> 
  <mapper resource="org/cqipc/books/mapper/TbUserBooks_Mapper.xml"/> 
</mappers> 

</configuration>